{
	"class_name" : "PinholeCameraParameters",
	"extrinsic" : 
	[
		0.97521961808571522,
		0.21909489703902074,
		-0.030726577945043194,
		0.0,
		-0.09639219902379205,
		0.29576921487571789,
		-0.95038366752546788,
		0.0,
		-0.19913623594943633,
		0.92979459969568679,
		0.30955897969309193,
		0.0,
		-0.16653978462018576,
		-0.039300320593345539,
		1.0928832107548041,
		1.0
	],
	"intrinsic" : 
	{
		"height" : 780,
		"intrinsic_matrix" : 
		[
			675.49981495186216,
			0.0,
			0.0,
			0.0,
			675.49981495186216,
			0.0,
			511.5,
			389.5,
			1.0
		],
		"width" : 1024
	},
	"version_major" : 1,
	"version_minor" : 0
}